Workbook

Sheet BOP-PLC-CP
A1: EQUIPMENT | E1: TAGS | I1: I/O MODULES
A2: EQUIPMENT ID | B2: EQUIPMENT TYPE | C2: EQUIPMENT DESCRIPTION | D2: CLASSIFIED ENVIRONMENT | E2: TAG NAME | F2: TAG DESCRIPTION | G2: SIGNAL TYPE | H2: ALARMS | I2: MODULE SLOT # | J2: CHANNEL | K2: DETAILS (to be deleted)
A3: BL-1 | B3: BLOWER | C3: DIG BLWR | D3: NO | E3: BL_1.RUN_CMD | F3: DIG BLWR RUN COMMAND | G3: DO | H3: NO | I3: 10 | J3: 4 | K3: ON LINE BETWEEN DMT ZONE AND FLARE
A4: BL-1 | B4: BLOWER | C4: DIG BLWR | D4: NO | E4: BL_1.SPD_CMD | F4: DIG BLWR SPEED RAW COMMAND | G4: AO | H4: NO | I4: 5 | J4: 0 | K4: ON LINE BETWEEN DMT ZONE AND FLARE
A5: BL-1 | B5: BLOWER | C5: DIG BLWR | D5: NO | E5: BL_1.RUN_ST | F5: DIG BLWR RUNNING STATUS | G5: DI | H5: FTS | I5: 8 | J5: 2 | K5: ON LINE BETWEEN DMT ZONE AND FLARE
A6: BL-1 | B6: BLOWER | C6: DIG BLWR | D6: NO | E6: BL_1.FLT_ST | F6: DIG BLWR FAULT STATUS | G6: DI | H6: FLT | I6: 8 | J6: 3 | K6: ON LINE BETWEEN DMT ZONE AND FLARE
A7: BL-1 | B7: BLOWER | C7: DIG BLWR | D7: NO | E7: BL_1.MAN_ST | F7: DIG BLWR AUTO/MANUAL STATUS | G7: DI | H7: NO | I7: 9 | J7: 0 | K7: CHANGE FROM TO CLEAR FAULT COMMAND? OR REMOVE ? OPERATION STATUS, FALSE = MANUAL, TRUE = AUTO
A8: BL-1 | B8: BLOWER | C8: DIG BLWR | D8: NO | E8: BL_1.SPD_FBK | F8: DIG BLWR SPEED FEEDBACK | G8: HART - P | H8: SPD-MIS | I8: 4 | J8: 2 | K8: 4 WIRE SELF POWERED XMTR? NEED TO CONFIRM OUTPUT TYPE
A9: CV1001 | B9: CONTROL VALVE (FV) | C9: FLARE CONTROL VALVE | D9: YES | E9: CV_1001.POS_CMD | F9: FLARE CONTROL VALVE POSITION RAW COMMAND | G9: AO | H9: NO | I9: 5 | J9: 1 | K9: ON LINE FROM DMT ZONE (H2S MEDIA) TO FLARE
A10: CV1001 | B10: CONTROL VALVE (FV) | C10: FLARE CONTROL VALVE | D10: YES | E10: CV_1001.POS_OP | F10: FLARE CONTROL VALVE IN OPEN POSITION | G10: DI | H10: FTO | I10: 8 | J10: 6 | K10: ON LINE FROM DMT ZONE (H2S MEDIA) TO FLARE
A11: CV1001 | B11: CONTROL VALVE (FV) | C11: FLARE CONTROL VALVE | D11: YES | E11: CV_1001.POS_CL | F11: FLARE CONTROL VALVE IN CLOSED POSITION | G11: DI | H11: FTC | I11: 8 | J11: 7 | K11: ON LINE FROM DMT ZONE (H2S MEDIA) TO FLARE
A12: CV3001 | B12: CONTROL VALVE (FV) | C12: DIG BLWR CONTROL VALVE | D12: YES | E12: CV_3001.POS_CMD | F12: CONTROL VALVE POSITION RAW COMMAND | G12: AO | H12: NO | I12: 5 | J12: 2 | K12: update description
A13: CV3001 | B13: CONTROL VALVE (FV) | C13: DIG BLWR CONTROL VALVE | D13: YES | E13: CV_3001.POS_OP | F13: DIG BLWR CONTROL VALVE IS IN OPEN POSITION | G13: DI | H13: FTO | I13: 8 | J13: 8 | K13: update description
A14: CV3001 | B14: CONTROL VALVE (FV) | C14: DIG BLWR CONTROL VALVE | D14: YES | E14: CV_3001.POS_CL | F14: DIG BLWR CONTROL VALVE IS IN CLOSED POSITION | G14: DI | H14: FTC | I14: 8 | J14: 9 | K14: update description
... A59: PWR-UPS | B59: UPS PWR - INPUT RELAY | C59: UPS FAULT ALARM RELAY | D59: NO | E59: CR_02.UPS | F59: UPS FAULT ALARM RELAY SIGNAL | G59: DI | H59: FLT | I59: 8 | J59: 1 | K59: NOT SURE IF WE WANT TO KEEP IT ON THIS LIST

Sheet LGN-PLC-CP
A1: EQUIPMENT | E1: TAGS | I1: I/O MODULES | N1: ACTION REQUIRED: REVIEW OR RESPONSE NEEDED.
A2: EQUIPMENT ID | B2: EQUIPMENT TYPE | C2: EQUIPMENT DESCRIPTION | D2: CLASSIFIED ENVIRONMENT | E2: TAG NAME | F2: TAG DESCRIPTION | G2: SIGNAL TYPE | H2: ALARMS | I2: MODULE SLOT # | J2: CHANNEL | K2: DETAILS (to be deleted) | N2: TAG UPDATED SINCE LAST REVIEW.
A3: AC_001 | B3: AIR COMPRESSOR | C3: AIR COMPRESSOR FEEDER | D3: NO | E3: AC_001.RUN_ST | F3: AIR COMPRESSOR RUN STATUS | G3: DI | H3: FTS | I3: 6 | J3: 3 | K3: NEED TO CONFIRM WIRING
A4: AC_001 | B4: AIR COMPRESSOR | C4: AIR COMPRESSOR FEEDER | D4: NO | E4: AC_001.UF001 | F4: AIR COMPRESSOR FAILURE SIGNAL | G4: DI | H4: FLT | I4: 6 | J4: 4 | K4: NEED TO CONFIRM WIRING
A5: AC_001 | B5: AIR COMPRESSOR | C5: AIR COMPRESSOR FEEDER | D5: NO | E5: AC_001.RUN_CMD | F5: AIR COMPRESSOR RUN COMMAND | G5: DO | H5: NO | I5: 8 | J5: 0 | K5: Provided documentation references both the MAM-6090 and MAM-200 controllers. MAM-6090 control has been assumed for design purposes, requiring one dry contact for Run/Stop control. If the package utilizes a MAM-200 controller, additional outputs will be required, as separate Start and Stop command inputs are provided. MAM-6090: APPLY SIGNAL FOR 5 SECONDS TO START. REMOVE AND REAPPLY SIGNAL FOR 5 SECONDS TO STOP.
A6: AC_001 | B6: AIR COMPRESSOR | C6: AIR COMPRESSOR FEEDER | D6: NO | E6: AC_001.STP_CMD | F6: AIR COMPRESSOR STOP COMMAND | G6: DO | H6: NO | I6: 8 | J6: 1 | K6: Provided documentation references both the MAM-6090 and MAM-200 controllers. MAM-6090 control has been assumed for design purposes, requiring one dry contact for Run/Stop control. If the package utilizes a MAM-200 controller, additional outputs will be required, as separate Start and Stop command inputs are provided. MAM-6090: APPLY SIGNAL FOR 5 SECONDS TO START. REMOVE AND REAPPLY SIGNAL FOR 5 SECONDS TO STOP.
A7: AC_010A | B7: AFTER COOLER | C7: BLWR-A DISCHARGE AFTER COOLER | D7: NO | E7: AC_010A.SPD_FBK | F7: BLWR-A DISCHARGE AFTER COOLER SPEED FEEDBACK | G7: AI | H7: LL = X L = X H = X HH = X | I7: 1 | J7: 3 | K7: ASSUME SINGLE-ENDED (LOOP-POWERED) SIGNAL NEED TO UPDATE ALARM LIMITS
A8: AC_010A | B8: AFTER COOLER | C8: BLWR-A DISCHARGE AFTER COOLER | D8: NO | E8: AC_010A.SPD_CMD | F8: BLWR-A DISCHARGE AFTER COOLER SPEED COMMAND | G8: AO | H8: NO | I8: 5 | J8: 4 | K8: CONFIRM WIRING
A9: AC_010A | B9: AFTER COOLER | C9: BLWR-A DISCHARGE AFTER COOLER | D9: NO | E9: AC_010A.RUN_ST | F9: BLWR-A DISCHARGE AFTER COOLER RUN STATUS | G9: DI | H9: FTS | I9: 7 | J9: 6 | K9: 0 = STOPPED, 1 = RUNNING
A10: AC_010A | B10: AFTER COOLER | C10: BLWR-A DISCHARGE AFTER COOLER | D10: NO | E10: AC_010A.FLT_ST | F10: BLWR-A DISCHARGE AFTER COOLER FAULT STATUS | G10: DI | H10: FLT | I10: 7 | J10: 7 | K10: 0 = NORMAL, 1 = FAULT
A11: AC_010A | B11: AFTER COOLER | C11: BLWR-B DISCHARGE AFTER COOLER | D11: NO | E11: AC_010A.RUN_CMD | F11: BLWR-A DISCHARGE AFTER COOLER RUN COMMAND | G11: DO | H11: NO | I11: 8 | J11: 7 | K11: WEG CFW500-IOR-B IO MODULE. 0 = STOP, 1 = RUN
A12: AC_010B | B12: AFTER COOLER | C12: BLWR-B DISCHARGE AFTER COOLER | D12: NO | E12: AC_010B.SPD_FBK | F12: BLWR-B DISCHARGE AFTER COOLER SPEED FEEDBACK | G12: AI | H12: LL = X L = X H = X HH = X | I12: 1 | J12: 4 | K12: ASSUME SINGLE-ENDED (LOOP-POWERED) SIGNAL NEED TO UPDATE ALARM LIMITS
A13: AC_010B | B13: AFTER COOLER | C13: BLWR-B DISCHARGE AFTER COOLER | D13: NO | E13: AC_010B.SPD_CMD | F13: BLWR-B DISCHARGE AFTER COOLER SPEED COMMAND | G13: AO | H13: NO | I13: 5 | J13: 5 | K13: CONFIRM WIRING
A14: AC_010B | B14: AFTER COOLER | C14: BLWR-B DISCHARGE AFTER COOLER | D14: NO | E14: AC_010B.RUN_ST | F14: BLWR-B DISCHARGE AFTER COOLER RUN STATUS | G14: DI | H14: FTS | I14: 7 | J14: 8 | K14: 0 = STOPPED, 1 = RUNNING
... A74: VT_010B | B74: VIBRATION TRANSMITTER | C74: BLWR-B DISCHARGE VIBRATION XMTR | D74: NO | E74: VT_010B.V_RS | F74: BLWR-B DISCHARGE VIBRATION RAW | G74: AI | H74: L = X H = X | I74: 1 | J74: 6 | K74: ASSUME THIS IS THE SAME AS "VS-010B" ON DIAGRAM ASSUME SINGLE-ENDED (LOOP-POWERED) SIGNAL NEED PART NUMBER TO CONFIRM SIGNAL WIRING

Sheet KCG-RIO-CP
A1: EQUIPMENT | E1: TAGS | I1: I/O MODULES
A2: EQUIPMENT ID | B2: EQUIPMENT TYPE | C2: EQUIPMENT DESCRIPTION | D2: CLASSIFIED ENVIRONMENT | E2: TAG NAME | F2: TAG DESCRIPTION | G2: SIGNAL TYPE | H2: ALARMS | I2: MODULE SLOT # | J2: CHANNEL | K2: DETAILS (to be deleted)
A3: CR-01-ACFLT | B3: INPUT RELAY | C3: AC FAULT ALARM RELAY | D3: NO | E3: CR01ACFLT | F3: AC FAULT ALARM RELAY SIGNAL | G3: DI | H3: FLT | I3: 4 | J3: 0 | K3: NOT SURE IF WE WANT TO KEEP IT ON THIS LIST
A4: CV-3006 | B4: CONTROL VALVE (FY) | C4: PIPELINE DIVERT CONTROL VALVE | D4: YES | E4: CV3006.POS_CMD | F4: PIPELINE DIVERT CONTROL VALVE POSITION RAW COMMAND | G4: AO | H4: NO | I4: 3 | J4: 0 | K4: ON LINE FROM DMT ZONE (REJECT GAS) TO LAGOON WSP3
A5: CV-3006 | B5: CONTROL VALVE (FY) | C5: PIPELINE DIVERT CONTROL VALVE | D5: YES | E5: CV3006.POS_OP | F5: PIPELINE DIVERT CONTROL VALVE IN OPEN POSITION | G5: DI | H5: FTO | I5: 4 | J5: 1 | K5: ON LINE FROM DMT ZONE (REJECT GAS) TO LAGOON WSP3
A6: CV-3006 | B6: CONTROL VALVE (FY) | C6: PIPELINE DIVERT CONTROL VALVE | D6: YES | E6: CV3006.POS_CL | F6: PIPELINE DIVERT CONTROL VALVE IN CLOSED POSITION | G6: DI | H6: FTC | I6: 4 | J6: 2 | K6: ON LINE FROM DMT ZONE (REJECT GAS) TO LAGOON WSP3
A7: FIT-3006 | B7: FLOW TRANSMITTER | C7: PIPELINE FLOW | D7: NO | E7: FIT3006.F_RS | F7: PIPELINE FLOW RATE RAW | G7: AI | H7: LL = X L = X H = X HH = X | I7: 1 | J7: 0 | K7: E&H Prosonic G500 PASSIVE OUTPUT, 2 WIRE LOOP POWERED XMTR
A8: FIT-3007 | B8: FLOW TRANSMITTER | C8: PIPELINE RETURN FLOW | D8: NO | E8: FIT3007.F_RS | F8: PIPELINE RETURN FLOW RATE RAW | G8: AI | H8: LL = X L = X H = X HH = X | I8: 1 | J8: 1 | K8: E&H Prosonic B200 PASSIVE OUTPUT, 2 WIRE LOOP POWERED XMTR
A9: GC-3006 | B9: GAS CHROMATOGRAPH | C9: PIPELINE GAS | D9: NO | E9: GC3006.CH4_RS | F9: PIPELINE GAS CH4 RAW | G9: HART - P | H9: LL = X L = X H = X HH = X | I9: 2 | J9: 0 | K9: PIPELINE GC 1000 PASSIVE OUTPUT, 2 WIRE LOOP POWERED XMTR
A10: GC-3006 | B10: GAS CHROMATOGRAPH | C10: PIPELINE GAS | D10: NO | E10: GC3006.CO2_RS | F10: PIPELINE GAS CO2 RAW | G10: HART - S | H10: LL = X L = X H = X HH = X | I10: 2 | J10: 0 | K10: PIPELINE GC 1000 PASSIVE OUTPUT, 2 WIRE LOOP POWERED XMTR
A11: GC-3007 | B11: GAS CHROMATOGRAPH | C11: PIPELINE RETURN GAS | D11: NO | E11: GC3007.CH4_RS | F11: PIPELINE RETURN GAS CH4 RAW | G11: HART - P | H11: LL = X L = X H = X HH = X | I11: 2 | J11: 1 | K11: RECIRC GC (CH4, CO2) REJECT RNG TO LAGOON FROM INJECTION POINT PASSIVE OUTPUT, 2 WIRE LOOP POWERED XMTR
A12: GC-3007 | B12: GAS CHROMATOGRAPH | C12: PIPELINE RETURN GAS | D12: NO | E12: GC3007.CO2_RS | F12: PIPELINE RETURN GAS CO2 RAW | G12: HART - S | H12: LL = X L = X H = X HH = X | I12: 2 | J12: 1 | K12: RECIRC GC (CH4, CO2) REJECT RNG TO LAGOON FROM INJECTION POINT
A13: PIT-3006 | B13: PRESSURE TRANSMITTER | C13: RNG PRESSURE - PRODUCT GAS TO ONEGAS | D13: YES | E13: PIT3006.P_RS | F13: RNG PRESSURE RAW | G13: AI | H13: L = X H = X | I13: 1 | J13: 3 | K13: Rosemount 3051TG PASSIVE OUTPUT, 2 WIRE LOOP POWERED XMTR
A14: TIT-3006 | B14: TEMPERATURE TRANSMITTER | C14: PIPELINE TEMPERATURE | D14: NO | E14: TIT3006.T_RS | F14: PIPELINE TEMPERATURE RAW | G14: AI | H14: LL = X L = X H = X HH = X | I14: 1 | J14: 2 | K14: PIPELINE TIT 1000 PASSIVE OUTPUT, 2 WIRE LOOP POWERED XMTR

Sheet IO COUNTS
A1: PANEL | B1: SIGNAL TYPE | C1: CLASSIFIED IO # | D1: NON-CLASSIFIED IO # | E1: TOTAL
A2: BOP-PLC-CP | B2: AI | C2: =COUNTIFS('BOP-PLC-CP'!G:G,B2,'BOP-PLC-CP'!D:D,"YES") -> 0 | D2: =COUNTIFS('BOP-PLC-CP'!G:G,B2,'BOP-PLC-CP'!D:D,"NO") -> 7 | E2: =SUM(C2,D2) -> 7
A3: BOP-PLC-CP | B3: HART - P | C3: =COUNTIFS('BOP-PLC-CP'!G:G,B3,'BOP-PLC-CP'!D:D,"YES") -> 0 | D3: =COUNTIFS('BOP-PLC-CP'!G:G,B3,'BOP-PLC-CP'!D:D,"NO") -> 7 | E3: =SUM(C3,D3) -> 7
A4: BOP-PLC-CP | B4: AO | C4: =COUNTIFS('BOP-PLC-CP'!G:G,B4,'BOP-PLC-CP'!D:D,"YES") -> 8 | D4: =COUNTIFS('BOP-PLC-CP'!G:G,B4,'BOP-PLC-CP'!D:D,"NO") -> 1 | E4: =SUM(C4,D4) -> 9
A5: BOP-PLC-CP | B5: DI | C5: =COUNTIFS('BOP-PLC-CP'!G:G,B5,'BOP-PLC-CP'!D:D,"YES") -> 16 | D5: =COUNTIFS('BOP-PLC-CP'!G:G,B5,'BOP-PLC-CP'!D:D,"NO") -> 7 | E5: =SUM(C5,D5) -> 23
A6: BOP-PLC-CP | B6: DO | C6: =COUNTIFS('BOP-PLC-CP'!G:G,B6,'BOP-PLC-CP'!D:D,"YES") -> 0 | D6: =COUNTIFS('BOP-PLC-CP'!G:G,B6,'BOP-PLC-CP'!D:D,"NO") -> 3 | E6: =SUM(C6,D6) -> 3
A7: LGN-PLC-CP | B7: AI | C7: =COUNTIFS('LGN-PLC-CP'!G:G,B7,'LGN-PLC-CP'!D:D,"YES") -> 14 | D7: =COUNTIFS('LGN-PLC-CP'!G:G,B7,'LGN-PLC-CP'!D:D,"NO") -> 8 | E7: =SUM(C7,D7) -> 22
A8: LGN-PLC-CP | B8: HART - P | C8: =COUNTIFS('LGN-PLC-CP'!G:G,B8,'LGN-PLC-CP'!D:D,"YES") -> 0 | D8: =COUNTIFS('LGN-PLC-CP'!G:G,B8,'LGN-PLC-CP'!D:D,"NO") -> 0 | E8: =SUM(C8,D8) -> 0
A9: LGN-PLC-CP | B9: AO | C9: =COUNTIFS('LGN-PLC-CP'!G:G,B9,'LGN-PLC-CP'!D:D,"YES") -> 0 | D9: =COUNTIFS('LGN-PLC-CP'!G:G,B9,'LGN-PLC-CP'!D:D,"NO") -> 7 | E9: =SUM(C9,D9) -> 7
A10: LGN-PLC-CP | B10: DI | C10: =COUNTIFS('LGN-PLC-CP'!G:G,B10,'LGN-PLC-CP'!D:D,"YES") -> 4 | D10: =COUNTIFS('LGN-PLC-CP'!G:G,B10,'LGN-PLC-CP'!D:D,"NO") -> 26 | E10: =SUM(C10,D10) -> 30
A11: LGN-PLC-CP | B11: DO | C11: =COUNTIFS('LGN-PLC-CP'!G:G,B11,'LGN-PLC-CP'!D:D,"YES") -> 4 | D11: =COUNTIFS('LGN-PLC-CP'!G:G,B11,'LGN-PLC-CP'!D:D,"NO") -> 9 | E11: =SUM(C11,D11) -> 13
A12: KCG-RIO-CP | B12: AI | C12: =COUNTIFS('KCG-RIO-CP'!G:G,B12,'KCG-RIO-CP'!D:D,"YES") -> 1 | D12: =COUNTIFS('KCG-RIO-CP'!G:G,B12,'KCG-RIO-CP'!D:D,"NO") -> 3 | E12: =SUM(C12,D12) -> 4
A13: KCG-RIO-CP | B13: HART - P | C13: =COUNTIFS('KCG-RIO-CP'!G:G,B13,'KCG-RIO-CP'!D:D,"YES") -> 0 | D13: =COUNTIFS('KCG-RIO-CP'!G:G,B13,'KCG-RIO-CP'!D:D,"NO") -> 2 | E13: =SUM(C13,D13) -> 2
A14: KCG-RIO-CP | B14: AO | C14: =COUNTIFS('KCG-RIO-CP'!G:G,B14,'KCG-RIO-CP'!D:D,"YES") -> 1 | D14: =COUNTIFS('KCG-RIO-CP'!G:G,B14,'KCG-RIO-CP'!D:D,"NO") -> 0 | E14: =SUM(C14,D14) -> 1
A15: KCG-RIO-CP | B15: DI | C15: =COUNTIFS('KCG-RIO-CP'!G:G,B15,'KCG-RIO-CP'!D:D,"YES") -> 2 | D15: =COUNTIFS('KCG-RIO-CP'!G:G,B15,'KCG-RIO-CP'!D:D,"NO") -> 1 | E15: =SUM(C15,D15) -> 3
A16: KCG-RIO-CP | B16: DO | C16: =COUNTIFS('KCG-RIO-CP'!G:G,B16,'KCG-RIO-CP'!D:D,"YES") -> 0 | D16: =COUNTIFS('KCG-RIO-CP'!G:G,B16,'KCG-RIO-CP'!D:D,"NO") -> 0 | E16: =SUM(C16,D16) -> 0

Sheet NOTES & COMMENTS
A1: EQUIPMENT | B1: COMMENTS | C1: RESPONSES
A2: RB-010-A/B | B2: Is the VFD part# CFW500F77P0T4DB20G2?
A3: RB-010-A/B | B3: Are we using the standard I/O module WEG CFW500-IOS supplied with the drive for our inputs from the VFD? The standard module provides 4DI/1AI/1AO/1DOR/1DOT, so only one relay output is available and second signal would need to be a transistor output. We can switch to the CFW500-IOR-B module (5DI/1AI/1AO/4DOR/1DOT) if we need both to signals to be relay outputs.
A4: RB-010-A/B | B4: VFD needs to be programmed and IO needs to be assigned in it to achieve required function. Who is responsible for doing this?
A5: AC-001 | B5: The Document says that the compressor runs on its own native demand loading and require no PLC process sequencing. Do we only need the remote Off command?
A6: AC-001 | B6: If using PLC Run Commands - Remote On and Off commands are separate inputs to the compressor per drawing, do we need 2 different outputs from the PLC or do use 1 relay and wire NO/NC contacts for ON/OFF?
A7: AD-002 | B7: The Document says that the dryer runs on its own native demand loading and require no PLC process sequencing. Do we only need the remote Off command?
A8: OG-003 | B8: The Document says that the Generator runs on its own native demand loading and require no PLC process sequencing. Do we only need the remote Off command?
A9: AC-010-A/B | B9: Are we controlling the After cooler motor from our PLC?
